{
    "name": "Arachne",
    "description": "Eine Perfekte mischung aus Spinne und Mensch. Nur das Laben in einem Netz ist dir ein wenig zu Schwer.",
    "powers": [
        "alkusia:klettern",
        "alkusia:cursed",
        "alkusia:miniature",
        "alkusia:poison_immunity",
        "alkusia:spider_attribute",
        "alkusia:spider_kinship",
        "alkusia:bottomless_stomach",
        "alkusia:fragile_exoskeleton",
        "alkusia:many_eyes",
        "alkusia:venomous_bite",
        "alkusia:web_shot",
        "alkusia:master_of_webs",
        "alkusia:poison_bottle",
        "alkusia:brittle"
    ],
    "icon": {
        "item": "minecraft:fermented_spider_eye",
        "amount": 1
    },
    "impact": 0
}