{
    "name": "Gift in der Flasche",
    "description": "Befülle eine Leere Flasche mit deinem Gift.",
    "type": "origins:action_on_block_use",
    "item_condition": {
        "type": "origins:ingredient",
        "ingredient": {
            "item": "minecraft:glass_bottle"
        }
    },
    "result_stack": {
        "item": "minecraft:potion",
        "amount": 1,
        "tag": "{Potion:\"minecraft:water\",CustomPotionEffects:[{Id:19,Amplifier:1,Duration:200}],display:{Name:\"\\\"Aranchnen Gift\\\"\"}}"
    },
    "held_item_action": {
        "type": "origins:consume",
        "amount": 1
    },
    "result_item_action": {
        "type": "origins:nothing"
    },
    "action_result": "success"
}