{
    "name": "Zerbrechlich",
    "description": "Alles über eine Eisenrüstung würde dich unter dem Gewicht zerdrücken.",
    "type": "origins:restrict_armor",
    "head": {
        "type": "origins:and",
        "conditions": [
            {
                "type": "origins:armor_value",
                "comparison": ">",
                "compare_to": 2
            },
            {
                "type": "origins:enchantment",
                "enchantment": "alkusia:featherweight",
                "comparison": "!=",
                "compare_to": 1
            }
        ]
    },
    "chest": {
        "type": "origins:and",
        "conditions": [
            {
                "type": "origins:armor_value",
                "comparison": ">",
                "compare_to": 6
            },
            {
                "type": "origins:enchantment",
                "enchantment": "alkusia:featherweight",
                "comparison": "!=",
                "compare_to": 1
            }
        ]
    },
    "legs": {
        "type": "origins:and",
        "conditions": [
            {
                "type": "origins:armor_value",
                "comparison": ">",
                "compare_to": 5
            },
            {
                "type": "origins:enchantment",
                "enchantment": "alkusia:featherweight",
                "comparison": "!=",
                "compare_to": 1
            }
        ]
    },
    "feet": {
        "type": "origins:and",
        "conditions": [
            {
                "type": "origins:armor_value",
                "comparison": ">",
                "compare_to": 2
            },
            {
                "type": "origins:enchantment",
                "enchantment": "alkusia:featherweight",
                "comparison": "!=",
                "compare_to": 1
            }
        ]
    }
}