{
    "name": "Cursed",
    "description": "Waffen mit Bane Of Arthropods machen dir Massiven schaden.\nIgnoriert auch Rüstungen",
    "type": "origins:self_action_when_hit",
    "damage_condition": {
        "type": "origins:attacker",
        "entity_condition": {
            "type": "origins:equipped_item",
            "equipment_slot": "mainhand",
            "item_condition": {
                "type": "origins:enchantment",
                "enchantment": "minecraft:bane_of_arthropods",
                "comparison": ">=",
                "compare_to": 1
            }
        }
    },
    "entity_action": {
        "type": "origins:apply_effect",
        "effect": {
            "effect": "minecraft:instant_damage",
            "duration": 1,
            "amplifier": 1,
            "show_particles": true,
            "show_icon": true
        }
    },
    "cooldown": 80
}