{
    "name": "klettern",
    "description": "Du kannst Wände hoch sowei runter klettern. An der Decke zu hängen ist auch keine Kunst für dich.",
    "condition": {
        "type": "origins:or",
        "conditions": [
            {
                "type": "origins:block_collision",
                "offset_x": 0,
                "offset_y": 0.1,
                "offset_z": 0
            },
            {
                "type": "origins:block_collision",
                "offset_x": 0.1,
                "offset_y": 0,
                "offset_z": 0
            },
            {
                "type": "origins:block_collision",
                "offset_x": -0.1,
                "offset_y": 0,
                "offset_z": 0
            },
            {
                "type": "origins:block_collision",
                "offset_x": 0,
                "offset_y": 0,
                "offset_z": 0.1
            },
            {
                "type": "origins:block_collision",
                "offset_x": 0,
                "offset_y": 0,
                "offset_z": -0.1
            },
            {
                "type": "origins:collided_horizontally"
            }
        ]
    },
    "type": "origins:climbing",
    "allow_holding": true
}