{
    "name": "Master of Webs",
    "description": "Du hast eine geringe Chance deinen gegner erfolgreich in Spinnenweben einzuspinnen.",
    "type": "origins:multiple",
    "webbing": {
        "type": "origins:target_action_on_hit",
        "entity_action": {
            "type": "origins:choice",
            "actions": [
                {
                    "weight": 1,
                    "element": {
                        "type": "origins:block_action_at",
                        "block_action": {
                            "type": "origins:add_block",
                            "block": "minecraft:cobweb"
                        }
                    }
                },
                {
                    "weight": 5,
                    "element": {
                        "type": "origins:nothing"
                    }
                }
            ]
        },
        "cooldown": 40,
        "hud_render": {
            "should_render": true,
            "bar_index": 5
        }
    }
}