{
    "name": "Smoll",
    "description": "Du bist 0.5 Meter kleiner als ein Mensch.",
    "type": "origins:multiple",
    "miniature_callback": {
        "type": "origins:action_on_callback",
        "entity_action_chosen": {
            "type": "origins:execute_command",
            "command": "function \nalkusia:spider_callon"
        },
        "execute_chosen_when_orb": true,
        "entity_action_lost": {
            "type": "origins:execute_command",
            "command": "function alkusia:spider_callback"
        }
    },
    "miniature_constant": {
        "type": "origins:action_over_time",
        "interval": 50,
        "entity_action": {
            "type": "origins:execute_command",
            "command": "execute unless entity @s[pehkui.scale_nbt={\"pehkui:scale_data_types\":{\"pehkui:height\":{scale:0.75f}}}] run function alkusia:spider_callon"
        }
    }
}