{
    "name": "Gift in der Flasche",
    "description": "Befülle eine Leere Flasche mit deinem Gift. Das wird dich aber viel Energie Brauchen, eine ganze Flasche voll zu bekommen.",
    "type": "origins:multiple",
    "l0": {
        "condition": {
            "type": "origins:and",
            "conditions": [
                {
                    "type": "origins:sneaking"
                }
            ]
        },
        "type": "origins:action_on_block_use",
        "item_condition": {
            "type": "origins:ingredient",
            "ingredient": {
                "item": "minecraft:glass_bottle"
            }
        },
        "entity_action": {
            "type": "origins:exhaust",
            "amount": 28
        },
        "result_stack": {
            "item": "potion",
            "amount": 1,
            "tag": "{Potion:\"minecraft:water\",CustomPotionEffects:[{Id:19,Amplifier:3,Duration:100}],display:{Name:\"\\\"Aranchnen Gift\\\"\"}}"
        },
        "held_item_action": {
            "type": "origins:consume",
            "amount": 1
        },
        "action_result": "success"
    }
}