{
    "name": "Kuschel Spinnen",
    "description": "Viele Spinnen sehen dich als einer der Ihren an. Kuscheln ist da auch kein Problem.",
    "type": "origins:action_over_time",
    "interval": 20,
    "entity_action": {
        "type": "origins:and",
        "actions": [
            {
                "type": "origins:execute_command",
                "permission_level": 4,
                "command": "team add arachnid"
            },
            {
                "type": "origins:execute_command",
                "permission_level": 4,
                "command": "team join arachnid @s"
            },
            {
                "type": "origins:execute_command",
                "permission_level": 4,
                "command": "team join arachnid @e[type=minecraft:spider]"
            },
            {
                "type": "origins:execute_command",
                "permission_level": 4,
                "command": "team join arachnid @e[type=minecraft:cave_spider]"
            }
        ]
    }
}