{
    "name": "Giftdrrüsen",
    "description": "Du Spuckst deine gegner im Kampf gerne mal an. Das kann auch eine gute Vergiftung hervorrufen.",
    "type": "origins:target_action_on_hit",
    "entity_action": {
        "type": "origins:choice",
        "actions": [
            {
                "weight": 1,
                "element": {
                    "type": "origins:apply_effect",
                    "effect": {
                        "effect": "minecraft:poison",
                        "duration": 200,
                        "amplifier": 1,
                        "is_ambient": true,
                        "show_particles": false,
                        "show_icon": true
                    }
                }
            },
            {
                "weight": 2,
                "element": {
                    "type": "origins:execute_command",
                    "command": "particle minecraft:damage_indicator ~ ~ ~"
                }
            }
        ]
    },
    "cooldown": 0,
    "hud_render": {
        "should_render": false
    }
}