{
    "name": "Spinnennetz",
    "description": "Du kannst auf bis zu 20 Meter dein Netz schießen. Aber pass auf, durch deine Menschliche seite bist du nicht so geübt in einem Netz wie eine normale Spinne!",
    "hidden": false,
    "type": "origins:fire_projectile",
    "entity_type": "minecraft:falling_block",
    "cooldown": 100,
    "hud_render": {
        "should_render": true,
        "sprite_location": "origins:textures/gui/community/spiderkolo/resource_bar_03.png",
        "bar_index": 19
    },
    "count": 1,
    "interval": 0,
    "start_delay": 0,
    "speed": 1,
    "divergence": 0,
    "tag": " {Time:1,BlockState:{Name:cobweb}}",
    "key": {
        "key": "key.origins.primary_active",
        "continuous": false
    }
}